"Country Name","Country Code","Indicator Name","Indicator Code","1960","1961","1962","1963","1964","1965","1966","1967","1968","1969","1970","1971","1972","1973","1974","1975","1976","1977","1978","1979","1980","1981","1982","1983","1984","1985","1986","1987","1988","1989","1990","1991","1992","1993","1994","1995","1996","1997","1998","1999","2000","2001","2002","2003","2004","2005","2006","2007","2008","2009","2010","2011","2012","2013","2014",
"Aruba","ABW","Improved water source (% of population with access)","SH.H2O.SAFE.ZS","","","","","","","","","","","","","","","","","","","","","","","","","","","","","","","91","91.3","91.6","91.9","92.3","92.6","92.9","93.2","93.6","93.9","94.2","94.5","94.9","95.2","95.5","95.8","96.2","96.5","96.8","97.1","97.4","97.8","98.1","","",
"Andorra","AND","Improved water source (% of population with access)","SH.H2O.SAFE.ZS","","","","","","","","","","","","","","","","","","","","","","","","","","","","","","","100","100","100","100","100","100","100","100","100","100","100","100","100","100","100","100","100","100","100","100","100","100","100","","",
"Afghanistan","AFG","Improved water source (% of population with access)","SH.H2O.SAFE.ZS","","","","","","","","","","","","","","","","","","","","","","","","","","","","","","","","4.8","4.9","4.9","4.9","4.9","8.4","11.8","15.2","18.7","22.1","25.6","29.1","32.5","36","39.5","43","46.5","50","53.5","57.1","60.6","64.2","","",
"Angola","AGO","Improved water source (% of population with access)","SH.H2O.SAFE.ZS","","","","","","","","","","","","","","","","","","","","","","","","","","","","","","","42.4","42.4","42.4","42.4","43","43.4","43.8","44.2","44.6","45.1","45.7","46.2","46.8","47.4","48.1","48.8","49.5","50.2","51","51.8","52.6","53.4","54.3","","",
"Albania","ALB","Improved water source (% of population with access)","SH.H2O.SAFE.ZS","","","","","","","","","","","","","","","","","","","","","","","","","","","","","","","","","","","96.4","96.4","96.5","96.5","96.5","96.5","96.5","96.4","96.4","96.3","96.3","96.2","96.2","96.1","96","96","95.9","95.8","95.7","","",
"Arab World","ARB","Improved water source (% of population with access)","SH.H2O.SAFE.ZS","","","","","","","","","","","","","","","","","","","","","","","","","","","","","","","83.4606902194458","83.763042763326","83.7311583831666","82.1481953566571","82.1402661434884","82.2523172329469","82.2579188152702","82.2419729585185","82.2714334637973","82.2777106560173","82.2851634623591","82.3088023140486","82.8987643888142","82.9288611191588","82.9722247267263","83.0195623216339","83.087769881151","83.133744208697","83.1658917334279","83.3190103620928","83.4696466949271","83.6410002093998","85.2818737092134","","",
"United Arab Emirates","ARE","Improved water source (% of population with access)","SH.H2O.SAFE.ZS","","","","","","","","","","","","","","","","","","","","","","","","","","","","","","","99.7","99.7","99.7","99.7","99.7","99.7","99.7","99.7","99.7","99.7","99.7","99.7","99.7","99.7","99.7","99.7","99.7","99.6","99.6","99.6","99.6","99.6","99.6","","",
"Argentina","ARG","Improved water source (% of population with access)","SH.H2O.SAFE.ZS","","","","","","","","","","","","","","","","","","","","","","","","","","","","","","","93.8","94.1","94.4","94.7","95","95.2","95.5","95.8","96","96.2","96.5","96.7","96.9","97.1","97.3","97.5","97.7","97.9","98.1","98.2","98.4","98.6","98.7","","",
"Armenia","ARM","Improved water source (% of population with access)","SH.H2O.SAFE.ZS","","","","","","","","","","","","","","","","","","","","","","","","","","","","","","","","","90.7","90.6","90.5","90.5","90.4","90.9","91.5","92","92.6","93.1","93.7","94.3","94.9","95.5","96.1","96.7","97.3","98","98.6","99.2","99.8","","",
"American Samoa","ASM","Improved water source (% of population with access)","SH.H2O.SAFE.ZS","","","","","","","","","","","","","","","","","","","","","","","","","","","","","","","93.6","94","94.4","94.8","95.3","95.7","96.1","96.5","96.9","97.4","97.8","98.2","98.6","99","99.4","99.9","100","100","100","100","100","100","100","","",
"Antigua and Barbuda","ATG","Improved water source (% of population with access)","SH.H2O.SAFE.ZS","","","","","","","","","","","","","","","","","","","","","","","","","","","","","","","97.4","97.5","97.5","97.5","97.5","97.6","97.6","97.6","97.6","97.7","97.7","97.7","97.7","97.8","97.8","97.8","97.8","97.9","97.9","97.9","97.9","97.9","97.9","","",
"Australia","AUS","Improved water source (% of population with access)","SH.H2O.SAFE.ZS","","","","","","","","","","","","","","","","","","","","","","","","","","","","","","","100","100","100","100","100","100","100","100","100","100","100","100","100","100","100","100","100","100","100","100","100","100","100","","",
"Austria","AUT","Improved water source (% of population with access)","SH.H2O.SAFE.ZS","","","","","","","","","","","","","","","","","","","","","","","","","","","","","","","100","100","100","100","100","100","100","100","100","100","100","100","100","100","100","100","100","100","100","100","100","100","100","","",
"Azerbaijan","AZE","Improved water source (% of population with access)","SH.H2O.SAFE.ZS","","","","","","","","","","","","","","","","","","","","","","","","","","","","","","","69.9","69.8","69.6","69.5","70.1","70.7","71.3","71.9","72.5","73.2","74","74.8","75.6","76.3","77.1","77.9","78.6","79.3","80.1","80.1","80.2","80.2","80.2","","",
"Burundi","BDI","Improved water source (% of population with access)","SH.H2O.SAFE.ZS","","","","","","","","","","","","","","","","","","","","","","","","","","","","","","","68.8","69.1","69.4","69.7","70","70.3","70.6","70.9","71.2","71.5","71.8","72.1","72.4","72.7","73","73.3","73.5","73.8","74.1","74.4","74.7","75","75.3","","",
"Belgium","BEL","Improved water source (% of population with access)","SH.H2O.SAFE.ZS","","","","","","","","","","","","","","","","","","","","","","","","","","","","","","","100","100","100","100","100","100","100","100","100","100","100","100","100","100","100","100","100","100","100","100","100","100","100","","",
"Benin","BEN","Improved water source (% of population with access)","SH.H2O.SAFE.ZS","","","","","","","","","","","","","","","","","","","","","","","","","","","","","","","57.1","58.1","59","59.9","60.8","61.7","62.6","63.5","64.3","65.2","66.1","67","67.9","68.8","69.7","70.6","71.5","72.4","73.3","74.2","75.1","76","76.1","","",
"Burkina Faso","BFA","Improved water source (% of population with access)","SH.H2O.SAFE.ZS","","","","","","","","","","","","","","","","","","","","","","","","","","","","","","","43.6","43.7","45.4","47.2","49","50.7","52.5","54.3","56.2","58","59.9","61.8","63.6","65.4","67.3","69.1","71","72.8","74.6","76.4","78.2","80","81.7","","",
"Bangladesh","BGD","Improved water source (% of population with access)","SH.H2O.SAFE.ZS","","","","","","","","","","","","","","","","","","","","","","","","","","","","","","","68","68.9","69.7","70.5","71.3","72.1","72.9","73.6","74.4","75.2","76","76.7","77.5","78.3","79","79.8","80.5","81.2","82","82.7","83.4","84.1","84.8","","",
"Bulgaria","BGR","Improved water source (% of population with access)","SH.H2O.SAFE.ZS","","","","","","","","","","","","","","","","","","","","","","","","","","","","","","","99.9","99.9","99.9","99.9","99.9","99.8","99.8","99.8","99.8","99.7","99.7","99.7","99.7","99.7","99.6","99.6","99.6","99.6","99.5","99.5","99.5","99.5","99.5","","",
"Bahrain","BHR","Improved water source (% of population with access)","SH.H2O.SAFE.ZS","","","","","","","","","","","","","","","","","","","","","","","","","","","","","","","94.9","94.9","94.9","94.9","95.4","96","96.6","97.1","97.7","98.3","98.9","99.4","100","100","100","100","100","100","100","100","100","100","100","","",
"Bahamas, The","BHS","Improved water source (% of population with access)","SH.H2O.SAFE.ZS","","","","","","","","","","","","","","","","","","","","","","","","","","","","","","","","","","96.3","96.3","96.3","96.3","96.3","96.3","96.4","96.6","96.7","96.9","97","97.2","97.3","97.5","97.6","97.8","97.9","98.1","98.2","98.4","","",
"Bosnia and Herzegovina","BIH","Improved water source (% of population with access)","SH.H2O.SAFE.ZS","","","","","","","","","","","","","","","","","","","","","","","","","","","","","","","97.1","97.1","97.2","97.2","97.2","97.2","97.2","97.2","97.2","97.4","97.6","97.8","97.9","98.1","98.3","98.4","98.6","98.8","98.9","99.1","99.2","99.4","99.6","","",
"Belarus","BLR","Improved water source (% of population with access)","SH.H2O.SAFE.ZS","","","","","","","","","","","","","","","","","","","","","","","","","","","","","","","99.5","99.5","99.5","99.5","99.5","99.5","99.5","99.5","99.5","99.5","99.6","99.6","99.6","99.6","99.6","99.6","99.6","99.6","99.6","99.6","99.6","99.6","99.6","","",
"Belize","BLZ","Improved water source (% of population with access)","SH.H2O.SAFE.ZS","","","","","","","","","","","","","","","","","","","","","","","","","","","","","","","72.9","74.1","75.3","76.5","77.8","79","80.2","81.4","82.7","83.9","85.1","86.3","87.5","88.7","89.9","91.1","92.3","93.5","94.7","96","97.2","98.5","99.3","","",
"Bermuda","BMU","Improved water source (% of population with access)","SH.H2O.SAFE.ZS","","","","","","","","","","","","","","","","","","","","","","","","","","","","","","","","","","","","","","","","","","","","","","","","","","","","","","","",
"Bolivia","BOL","Improved water source (% of population with access)","SH.H2O.SAFE.ZS","","","","","","","","","","","","","","","","","","","","","","","","","","","","","","","68.6","69.9","71.1","72.2","73.2","74.2","75.2","76.1","77.1","78","78.9","79.8","80.7","81.5","82.4","83.2","84.1","84.9","85.7","86.5","87.3","88","88.1","","",
"Brazil","BRA","Improved water source (% of population with access)","SH.H2O.SAFE.ZS","","","","","","","","","","","","","","","","","","","","","","","","","","","","","","","88.5","89","89.6","90.1","90.6","91.1","91.6","92.1","92.5","93","93.5","93.8","94.2","94.6","94.9","95.3","95.6","95.9","96.3","96.6","96.9","97.2","97.5","","",
"Barbados","BRB","Improved water source (% of population with access)","SH.H2O.SAFE.ZS","","","","","","","","","","","","","","","","","","","","","","","","","","","","","","","95.4","95.8","96.1","96.5","96.9","97.3","97.6","98","98.4","98.7","99.1","99.5","99.8","99.8","99.8","99.8","99.8","99.8","99.8","99.8","99.8","99.8","99.8","","",
"Brunei Darussalam","BRN","Improved water source (% of population with access)","SH.H2O.SAFE.ZS","","","","","","","","","","","","","","","","","","","","","","","","","","","","","","","","","","","","","","","","","","","","","","","","","","","","","","","",
"Bhutan","BTN","Improved water source (% of population with access)","SH.H2O.SAFE.ZS","","","","","","","","","","","","","","","","","","","","","","","","","","","","","","","","","","","","","","85.6","85.8","86","86.1","86.3","87.6","88.7","89.9","91","92.1","93.2","94.2","95.2","96.2","97.1","98.1","","",
"Botswana","BWA","Improved water source (% of population with access)","SH.H2O.SAFE.ZS","","","","","","","","","","","","","","","","","","","","","","","","","","","","","","","91.9","92.5","92.8","93.1","93.4","93.6","93.9","94.1","94.4","94.6","94.8","95.1","95.3","95.5","95.7","95.9","96.1","96.2","96.4","96.6","96.8","96.8","96.8","","",
"Central African Republic","CAF","Improved water source (% of population with access)","SH.H2O.SAFE.ZS","","","","","","","","","","","","","","","","","","","","","","","","","","","","","","","58.8","58.8","58.8","59.3","59.7","60.2","60.6","61.1","61.6","62","62.5","62.9","63.4","63.8","64.3","64.8","65.2","65.7","66.2","66.7","67.2","67.7","68.2","","",
"Canada","CAN","Improved water source (% of population with access)","SH.H2O.SAFE.ZS","","","","","","","","","","","","","","","","","","","","","","","","","","","","","","","99.8","99.8","99.8","99.8","99.8","99.8","99.8","99.8","99.8","99.8","99.8","99.8","99.8","99.8","99.8","99.8","99.8","99.8","99.8","99.8","99.8","99.8","99.8","","",
"Central Europe and the Baltics","CEB","Improved water source (% of population with access)","SH.H2O.SAFE.ZS","","","","","","","","","","","","","","","","","","","","","","","","","","","","","","","","","","","","","","","","","","","","","","","","","","","","","","","",
"Switzerland","CHE","Improved water source (% of population with access)","SH.H2O.SAFE.ZS","","","","","","","","","","","","","","","","","","","","","","","","","","","","","","","100","100","100","100","100","100","100","100","100","100","100","100","100","100","100","100","100","100","100","100","100","100","100","","",
"Channel Islands","CHI","Improved water source (% of population with access)","SH.H2O.SAFE.ZS","","","","","","","","","","","","","","","","","","","","","","","","","","","","","","","","","","","","","","","","","","","","","","","","","","","","","","","",
"Chile","CHL","Improved water source (% of population with access)","SH.H2O.SAFE.ZS","","","","","","","","","","","","","","","","","","","","","","","","","","","","","","","90.4","90.9","91.3","91.8","92.2","92.7","93.1","93.5","94","94.4","94.8","95.2","95.6","96","96.4","96.7","97","97.4","97.7","97.9","98.2","98.5","98.8","","",
"China","CHN","Improved water source (% of population with access)","SH.H2O.SAFE.ZS","","","","","","","","","","","","","","","","","","","","","","","","","","","","","","","66.7","68.2","69.6","71","72.3","73.7","75","76.3","77.6","78.9","80.1","81.4","82.7","83.9","85.1","86.3","87.4","88.5","89.5","90.5","91.5","91.7","91.9","","",
"Cote d'Ivoire","CIV","Improved water source (% of population with access)","SH.H2O.SAFE.ZS","","","","","","","","","","","","","","","","","","","","","","","","","","","","","","","76","76.1","76.3","76.4","76.5","76.7","76.8","77","77.1","77.3","77.5","77.7","77.9","78.1","78.3","78.6","78.8","79","79.2","79.5","79.7","79.9","80.2","","",
"Cameroon","CMR","Improved water source (% of population with access)","SH.H2O.SAFE.ZS","","","","","","","","","","","","","","","","","","","","","","","","","","","","","","","51.3","52.3","53.4","54.4","55.5","56.5","57.6","58.6","59.7","60.7","61.7","62.8","63.8","64.9","65.9","66.9","68","69","70","71","72.1","73.1","74.1","","",
"Congo, Rep.","COG","Improved water source (% of population with access)","SH.H2O.SAFE.ZS","","","","","","","","","","","","","","","","","","","","","","","","","","","","","","","","","","","","","","68.3","68.6","68.9","69.2","69.5","70.1","70.6","71.2","71.7","72.2","72.8","73.3","73.8","74.3","74.8","75.3","","",
"Colombia","COL","Improved water source (% of population with access)","SH.H2O.SAFE.ZS","","","","","","","","","","","","","","","","","","","","","","","","","","","","","","","88.4","88.6","88.8","89","89.1","89.2","89.4","89.5","89.6","89.7","89.9","90","90.1","90.2","90.3","90.5","90.6","90.7","90.8","90.9","91","91.1","91.2","","",
"Comoros","COM","Improved water source (% of population with access)","SH.H2O.SAFE.ZS","","","","","","","","","","","","","","","","","","","","","","","","","","","","","","","87","87.6","88.1","88.6","89.1","89.5","90","90.5","91","91.5","92","92.5","93","93.5","94","94.6","95.1","95.1","95.1","95.1","95.1","","","","",
"Cabo Verde","CPV","Improved water source (% of population with access)","SH.H2O.SAFE.ZS","","","","","","","","","","","","","","","","","","","","","","","","","","","","","","","","","80.4","80.4","80.5","80.5","80.5","81.1","81.6","82.1","82.7","83.2","83.8","84.3","84.8","85.4","85.9","86.5","87.1","87.6","88.2","88.7","89.3","","",
"Costa Rica","CRI","Improved water source (% of population with access)","SH.H2O.SAFE.ZS","","","","","","","","","","","","","","","","","","","","","","","","","","","","","","","93.1","93.4","93.6","93.8","94","94.2","94.4","94.6","94.7","94.9","95","95.2","95.3","95.4","95.6","95.7","95.8","96","96.1","96.2","96.3","96.4","96.6","","",
"Caribbean small states","CSS","Improved water source (% of population with access)","SH.H2O.SAFE.ZS","","","","","","","","","","","","","","","","","","","","","","","","","","","","","","","89.8122130633183","89.9436212631661","90.2031157413313","90.7542142201479","90.7377767370565","91.0165359782735","91.2332579048544","91.4620130216808","91.7027161775826","91.9675907963001","92.2410305408793","92.5107333178467","92.7812668975931","93.0138099782406","93.2613988985487","93.5132278558999","93.7756995132685","93.9854801119364","94.1999072946508","94.4318329391811","94.6158730624866","94.8450470121496","95.2639824421029","","",
"Cuba","CUB","Improved water source (% of population with access)","SH.H2O.SAFE.ZS","","","","","","","","","","","","","","","","","","","","","","","","","","","","","","","","","","","89.5","89.6","89.7","89.9","90","90.3","90.7","91","91.3","91.6","91.8","92.1","92.4","92.6","92.9","93.2","93.5","93.8","94","","",
"Curacao","CUW","Improved water source (% of population with access)","SH.H2O.SAFE.ZS","","","","","","","","","","","","","","","","","","","","","","","","","","","","","","","","","","","","","","","","","","","","","","","","","","","","","","","",
"Cayman Islands","CYM","Improved water source (% of population with access)","SH.H2O.SAFE.ZS","","","","","","","","","","","","","","","","","","","","","","","","","","","","","","","","","","92.6","92.6","92.6","92.6","92.6","92.9","93.1","93.4","93.6","93.9","94.1","94.4","94.6","94.8","95.1","95.3","95.6","95.6","95.6","95.6","","",
"Cyprus","CYP","Improved water source (% of population with access)","SH.H2O.SAFE.ZS","","","","","","","","","","","","","","","","","","","","","","","","","","","","","","","100","100","100","100","100","100","100","100","100","100","100","100","100","100","100","100","100","100","100","100","100","100","100","","",
"Czech Republic","CZE","Improved water source (% of population with access)","SH.H2O.SAFE.ZS","","","","","","","","","","","","","","","","","","","","","","","","","","","","","","","99.8","99.8","99.8","99.8","99.8","99.8","99.8","99.8","99.8","99.8","99.8","99.8","99.8","99.8","99.8","99.8","99.8","99.8","99.8","99.8","99.8","99.8","99.8","","",
"Germany","DEU","Improved water source (% of population with access)","SH.H2O.SAFE.ZS","","","","","","","","","","","","","","","","","","","","","","","","","","","","","","","100","100","100","100","100","100","100","100","100","100","100","100","100","100","100","100","100","100","100","100","100","100","100","","",
"Djibouti","DJI","Improved water source (% of population with access)","SH.H2O.SAFE.ZS","","","","","","","","","","","","","","","","","","","","","","","","","","","","","","","76.6","76.7","76.7","76.7","76.7","77.7","78.6","79.5","80.5","81.4","82.3","83.3","84.2","85.2","86.1","87.1","88","88.9","89.9","90.8","91.8","92.1","92.1","","",
"Dominica","DMA","Improved water source (% of population with access)","SH.H2O.SAFE.ZS","","","","","","","","","","","","","","","","","","","","","","","","","","","","","","","","","","","","94.5","94.5","94.5","94.5","94.5","94.5","94.5","94.4","94.4","94.4","94.4","94.4","94.4","","","","","","","",
"Denmark","DNK","Improved water source (% of population with access)","SH.H2O.SAFE.ZS","","","","","","","","","","","","","","","","","","","","","","","","","","","","","","","100","100","100","100","100","100","100","100","100","100","100","100","100","100","100","100","100","100","100","100","100","100","100","","",
"Dominican Republic","DOM","Improved water source (% of population with access)","SH.H2O.SAFE.ZS","","","","","","","","","","","","","","","","","","","","","","","","","","","","","","","88.8","88.5","88.1","87.8","87.5","87.3","87","86.7","86.4","86.1","85.8","85.4","85.1","84.7","84.4","84","83.6","83.1","82.7","82.3","81.8","81.4","80.9","","",
"Algeria","DZA","Improved water source (% of population with access)","SH.H2O.SAFE.ZS","","","","","","","","","","","","","","","","","","","","","","","","","","","","","","","93.9","94","94.1","94.2","93.5","92.8","92.1","91.4","90.8","90.1","89.4","88.7","88.1","87.4","86.6","85.9","85.2","84.4","83.7","83.7","83.8","83.9","83.9","","",
"East Asia & Pacific (developing only)","EAP","Improved water source (% of population with access)","SH.H2O.SAFE.ZS","","","","","","","","","","","","","","","","","","","","","","","","","","","","","","","68.2197707315198","69.4884517942212","70.6841047938627","71.8970276972441","72.9836443493954","74.2109755952793","75.3856200909044","76.57501464376","77.7453734095435","78.9114830857279","80.0158848119371","81.1867920183337","82.3388184964917","83.41989905307","84.5018772869708","85.5665442227382","86.5572841815806","87.5520618915083","88.4626658651456","89.3634613413397","90.2439513433043","90.5709459145676","90.8884621123117","","",
"East Asia & Pacific (all income levels)","EAS","Improved water source (% of population with access)","SH.H2O.SAFE.ZS","","","","","","","","","","","","","","","","","","","","","","","","","","","","","","","70.9061720871178","72.4657697515281","73.5183129513161","74.5914844448648","75.5470099590727","76.6399824695955","77.6946863694192","78.7637540412713","79.8161511385231","80.866414660324","81.8615413703627","82.9220422882369","83.9641335798047","84.9451711644576","85.9246387983423","86.8895481826142","87.7921678721889","88.6966583715957","89.5277864514809","90.3380500126963","91.1301329241538","91.4268582855903","91.7102996888464","","",
"Europe & Central Asia (developing only)","ECA","Improved water source (% of population with access)","SH.H2O.SAFE.ZS","","","","","","","","","","","","","","","","","","","","","","","","","","","","","","","87.7312340636497","87.9141971460251","88.412888822671","87.8614685153347","89.9973871163149","90.246456058378","90.5309662013948","90.7960707472112","91.1152772074802","91.410294117734","91.715376843312","92.0300085582613","92.3428924703864","92.6632097000395","92.9589326958042","93.1744143590926","93.3924317276732","93.6280862099521","93.8476064401003","94.6287587172024","94.7657559848936","94.7752995541212","94.8280401619658","","",
"Europe & Central Asia (all income levels)","ECS","Improved water source (% of population with access)","SH.H2O.SAFE.ZS","","","","","","","","","","","","","","","","","","","","","","","","","","","","","","","95.4987299746059","95.5654474570805","95.6619056426356","95.5155114673995","95.6600570915312","95.7845113174139","95.9163774580316","96.0425088692662","96.185235573999","96.3223526489745","96.4602861171028","96.607785841548","96.7555844751113","96.8854880312797","97.0213518740981","97.131212774492","97.2392811310343","97.3558284307817","97.4640311914849","97.8201202856311","97.8938130948737","97.8965269082632","97.9088838402959","","",
"Ecuador","ECU","Improved water source (% of population with access)","SH.H2O.SAFE.ZS","","","","","","","","","","","","","","","","","","","","","","","","","","","","","","","73.9","74.5","75.1","75.7","76.2","76.8","77.4","77.9","78.5","79.1","79.6","80.2","80.7","81.3","81.9","82.5","83.1","83.6","84.2","84.7","85.3","85.8","86.4","","",
"Egypt, Arab Rep.","EGY","Improved water source (% of population with access)","SH.H2O.SAFE.ZS","","","","","","","","","","","","","","","","","","","","","","","","","","","","","","","92.9","93.3","93.6","93.9","94.2","94.5","94.8","95.1","95.5","95.8","96.1","96.4","96.8","97.1","97.4","97.7","98","98.4","98.7","99","99.3","99.3","99.3","","",
"Euro area","EMU","Improved water source (% of population with access)","SH.H2O.SAFE.ZS","","","","","","","","","","","","","","","","","","","","","","","","","","","","","","","99.7223961098808","99.7391497610049","99.7549929852303","99.768318267636","99.7846632108133","99.8009732019481","99.8141654032531","99.8271562731694","99.843738361429","99.8603581777831","99.869972680578","99.8869056836074","99.9039716780684","99.919497662926","99.926370871559","99.9331829378163","99.9366717710863","99.944965652385","99.9497922708998","99.9564369186647","99.9599335317921","99.9665785338897","99.9698390302574","","",
"Eritrea","ERI","Improved water source (% of population with access)","SH.H2O.SAFE.ZS","","","","","","","","","","","","","","","","","","","","","","","","","","","","","","","42.6","42.7","42.7","42.7","44.3","45.9","47.4","49","50.5","52.1","53.7","55.2","56.8","58.4","59.9","60","60","60.1","60.2","","","","","","",
"Spain","ESP","Improved water source (% of population with access)","SH.H2O.SAFE.ZS","","","","","","","","","","","","","","","","","","","","","","","","","","","","","","","100","100","100","100","100","100","100","100","100","100","100","100","100","100","100","100","100","100","100","100","100","100","100","","",
"Estonia","EST","Improved water source (% of population with access)","SH.H2O.SAFE.ZS","","","","","","","","","","","","","","","","","","","","","","","","","","","","","","","99.2","99.2","99.2","99.2","99.2","99.2","99.2","99.2","99.2","99.2","99.1","99.1","99.1","99.1","99.1","99.1","99.1","99.1","99.1","99.1","99.1","99.1","99.1","","",
"Ethiopia","ETH","Improved water source (% of population with access)","SH.H2O.SAFE.ZS","","","","","","","","","","","","","","","","","","","","","","","","","","","","","","","13.2","13.4","13.6","15.6","17.5","19.5","21.4","23.3","25.2","27.1","29","30.9","32.7","34.6","36.5","38.4","40.3","42.1","44","45.9","47.8","49.6","51.5","","",
"European Union","EUU","Improved water source (% of population with access)","SH.H2O.SAFE.ZS","","","","","","","","","","","","","","","","","","","","","","","","","","","","","","","98.2685091068174","98.3629351769795","98.4514157326339","98.5245020523059","98.5948342591516","98.6607636319308","98.7317917510904","98.7967344927021","98.869564359436","98.933661986292","99.0021625390273","99.0770856277685","99.1585649079696","99.2327572168119","99.2885132102542","99.3035188212136","99.3156901358662","99.3358858935024","99.3525872804791","99.9010767814735","99.9075465170051","99.9166543968746","99.9238748476602","","",
"Fragile and conflict affected situations","FCS","Improved water source (% of population with access)","SH.H2O.SAFE.ZS","","","","","","","","","","","","","","","","","","","","","","","","","","","","","","","58.8485935106893","56.5325653162562","56.474792766433","55.5324498872996","55.7181272596899","55.9564561594726","56.4884593010408","57.0599228124841","57.6484144799268","58.2473374499857","58.8627763026581","59.4057424112405","60.0244114010046","60.5597815560769","61.09745400559","61.6584576203946","62.2326458810791","62.818479121693","63.3949548077138","64.0870214667958","64.7185780402945","65.1783599634939","66.7335054695862","","",
"Finland","FIN","Improved water source (% of population with access)","SH.H2O.SAFE.ZS","","","","","","","","","","","","","","","","","","","","","","","","","","","","","","","100","100","100","100","100","100","100","100","100","100","100","100","100","100","100","100","100","100","100","100","100","100","100","","",
"Fiji","FJI","Improved water source (% of population with access)","SH.H2O.SAFE.ZS","","","","","","","","","","","","","","","","","","","","","","","","","","","","","","","85.3","85.6","86.3","86.9","87.6","88.2","88.9","89.4","90","90.6","91.2","91.8","92.3","92.9","93.5","94","94.6","95.1","95.7","96.2","96.3","96.3","96.3","","",
"France","FRA","Improved water source (% of population with access)","SH.H2O.SAFE.ZS","","","","","","","","","","","","","","","","","","","","","","","","","","","","","","","100","100","100","100","100","100","100","100","100","100","100","100","100","100","100","100","100","100","100","100","100","100","100","","",
"Faeroe Islands","FRO","Improved water source (% of population with access)","SH.H2O.SAFE.ZS","","","","","","","","","","","","","","","","","","","","","","","","","","","","","","","","","","","","","","","","","","","","","","","","","","","","","","","",
"Micronesia, Fed. Sts.","FSM","Improved water source (% of population with access)","SH.H2O.SAFE.ZS","","","","","","","","","","","","","","","","","","","","","","","","","","","","","","","91","91","91","90.9","90.8","90.7","90.6","90.5","90.4","90.3","90.1","90","90","89.9","89.8","89.7","89.6","89.5","89.4","89.3","89.2","89.1","89","","",
"Gabon","GAB","Improved water source (% of population with access)","SH.H2O.SAFE.ZS","","","","","","","","","","","","","","","","","","","","","","","","","","","","","","","","","","","79.4","80","80.7","81.2","81.8","82.8","83.8","84.7","85.6","86.4","87.2","87.9","88.6","89.3","89.9","90.6","91.1","91.7","92.2","","",
"United Kingdom","GBR","Improved water source (% of population with access)","SH.H2O.SAFE.ZS","","","","","","","","","","","","","","","","","","","","","","","","","","","","","","","100","100","100","100","100","100","100","100","100","100","100","100","100","100","100","100","100","100","100","100","100","100","100","","",
"Georgia","GEO","Improved water source (% of population with access)","SH.H2O.SAFE.ZS","","","","","","","","","","","","","","","","","","","","","","","","","","","","","","","85","84.9","84.8","84.8","84.7","85.5","86.2","87","87.7","88.5","89.2","90","90.8","91.6","92.4","93.2","94.1","94.9","95.7","96.5","97.3","98.1","98.7","","",
"Ghana","GHA","Improved water source (% of population with access)","SH.H2O.SAFE.ZS","","","","","","","","","","","","","","","","","","","","","","","","","","","","","","","54.4","56.1","57.8","59.5","61.2","62.9","64.5","66.1","67.7","69.2","70.8","72.3","73.7","75.2","76.6","78","79.4","80.8","82.1","83.4","84.7","85.9","87.2","","",
"Guinea","GIN","Improved water source (% of population with access)","SH.H2O.SAFE.ZS","","","","","","","","","","","","","","","","","","","","","","","","","","","","","","","52.4","53.4","54.5","55.5","56.5","57.6","58.6","59.6","60.7","61.7","62.7","63.7","64.8","65.8","66.8","67.8","68.8","69.8","70.8","71.8","72.8","73.8","74.8","","",
"Gambia, The","GMB","Improved water source (% of population with access)","SH.H2O.SAFE.ZS","","","","","","","","","","","","","","","","","","","","","","","","","","","","","","","75.8","76.5","77.2","78","78.7","79.4","80.1","80.8","81.5","82.1","82.8","83.4","84.1","84.7","85.3","86","86.6","87.2","87.8","88.4","88.9","89.5","90.1","","",
"Guinea-Bissau","GNB","Improved water source (% of population with access)","SH.H2O.SAFE.ZS","","","","","","","","","","","","","","","","","","","","","","","","","","","","","","","35.8","37.3","38.9","40.5","42","43.6","45.3","46.9","48.5","50.2","51.9","53.6","55.3","57.1","58.9","60.6","62.5","64.3","66.1","68","69.9","71.7","73.6","","",
"Equatorial Guinea","GNQ","Improved water source (% of population with access)","SH.H2O.SAFE.ZS","","","","","","","","","","","","","","","","","","","","","","","","","","","","","","","","","","","50.9","50.9","50.9","50.9","50.9","50.9","50.9","50.9","50.9","50.9","50.9","50.9","50.9","","","","","","","","",
"Greece","GRC","Improved water source (% of population with access)","SH.H2O.SAFE.ZS","","","","","","","","","","","","","","","","","","","","","","","","","","","","","","","96.2","96.5","96.8","97","97.3","97.6","97.9","98.1","98.4","98.7","98.9","99.2","99.5","99.8","99.8","99.8","99.8","99.8","99.8","99.8","99.8","99.8","99.8","","",
"Grenada","GRD","Improved water source (% of population with access)","SH.H2O.SAFE.ZS","","","","","","","","","","","","","","","","","","","","","","","","","","","","","","","96.5","96.5","96.5","96.6","96.6","96.6","96.6","96.6","96.6","96.6","96.6","96.6","96.6","96.7","96.7","96.7","96.7","96.7","96.7","96.7","96.7","96.7","96.8","","",
"Greenland","GRL","Improved water source (% of population with access)","SH.H2O.SAFE.ZS","","","","","","","","","","","","","","","","","","","","","","","","","","","","","","","100","100","100","100","100","100","100","100","100","100","100","100","100","100","100","100","100","100","100","100","100","100","100","","",
"Guatemala","GTM","Improved water source (% of population with access)","SH.H2O.SAFE.ZS","","","","","","","","","","","","","","","","","","","","","","","","","","","","","","","81.4","82","82.6","83.2","83.8","84.4","85","85.6","86.2","86.8","87.4","88","88.6","89.2","89.8","90.4","90.9","91.5","92.1","92.7","93.2","93.8","93.8","","",
"Guam","GUM","Improved water source (% of population with access)","SH.H2O.SAFE.ZS","","","","","","","","","","","","","","","","","","","","","","","","","","","","","","","99.7","99.6","99.6","99.6","99.6","99.6","99.6","99.6","99.6","99.6","99.6","99.6","99.6","99.6","99.6","99.6","99.6","99.6","99.5","99.5","99.5","99.5","99.5","","",
"Guyana","GUY","Improved water source (% of population with access)","SH.H2O.SAFE.ZS","","","","","","","","","","","","","","","","","","","","","","","","","","","","","","","77.1","77.1","78.1","79.1","80.1","81.1","82.1","83.1","84.2","85.2","86.2","87.2","88.2","89.3","90.3","91.3","92.4","93.4","94.4","95.5","96.5","97.6","97.6","","",
"High income","HIC","Improved water source (% of population with access)","SH.H2O.SAFE.ZS","","","","","","","","","","","","","","","","","","","","","","","","","","","","","","","98.1503450754072","97.8331422804974","97.9041070177242","97.9608854020965","98.0174800064378","98.0769674941299","98.1707396297234","98.2402232052931","98.3072639386553","98.4047584992947","98.4696404354888","98.5670214104779","98.6500990387591","98.7075348300943","98.7986835330528","98.8622911727406","98.9289655793811","99.0126241641131","99.0939112949996","99.126859592615","99.1581385997624","99.1702397534804","99.2089340336966","","",
"Hong Kong SAR, China","HKG","Improved water source (% of population with access)","SH.H2O.SAFE.ZS","","","","","","","","","","","","","","","","","","","","","","","","","","","","","","","","","","","","","","","","","","","","","","","","","","","","","","","",
"Honduras","HND","Improved water source (% of population with access)","SH.H2O.SAFE.ZS","","","","","","","","","","","","","","","","","","","","","","","","","","","","","","","72.8","73.6","74.5","75.3","76.1","76.9","77.7","78.5","79.3","80","80.8","81.6","82.4","83.2","83.9","84.7","85.4","86.1","86.8","87.5","88.2","88.9","89.6","","",
"Heavily indebted poor countries (HIPC)","HPC","Improved water source (% of population with access)","SH.H2O.SAFE.ZS","","","","","","","","","","","","","","","","","","","","","","","","","","","","","","","45.2255614088362","44.3243522418118","44.78153990761","45.0470421399389","45.7678999200608","46.4851552454797","47.3682347396069","48.4277492603931","49.3375317079877","50.2571084666958","51.1837917388895","52.1007558165651","52.9953714289324","53.9152837996989","54.8305742102204","55.7607260673075","56.6978042611472","57.6243304767863","58.5705194964063","59.4877433986984","60.4235061002761","61.3620024393178","62.8149060128202","","",
"Croatia","HRV","Improved water source (% of population with access)","SH.H2O.SAFE.ZS","","","","","","","","","","","","","","","","","","","","","","","","","","","","","","","98.4","98.4","98.4","98.5","98.5","98.5","98.5","98.5","98.5","98.5","98.5","98.5","98.5","98.5","98.5","98.5","98.5","98.5","98.5","98.5","98.5","98.5","98.6","","",
"Haiti","HTI","Improved water source (% of population with access)","SH.H2O.SAFE.ZS","","","","","","","","","","","","","","","","","","","","","","","","","","","","","","","60.8","61.2","61.7","61.6","61.5","61.4","61.3","61.2","61.1","61","60.9","61.1","61.3","61.5","61.7","61.9","62.1","62.2","62.3","62.3","62.4","62.4","62.4","","",
"Hungary","HUN","Improved water source (% of population with access)","SH.H2O.SAFE.ZS","","","","","","","","","","","","","","","","","","","","","","","","","","","","","","","95.7","96","96.3","96.6","97","97.3","97.6","97.9","98.3","98.6","99","99.3","99.6","100","100","100","100","100","100","100","100","100","100","","",
"Indonesia","IDN","Improved water source (% of population with access)","SH.H2O.SAFE.ZS","","","","","","","","","","","","","","","","","","","","","","","","","","","","","","","69.7","70.5","71.3","72.1","72.9","73.7","74.5","75.4","76.2","76.9","77.7","78.4","79","79.6","80.3","80.9","81.5","82.1","82.7","83.3","83.8","84.4","84.9","","",
"Isle of Man","IMN","Improved water source (% of population with access)","SH.H2O.SAFE.ZS","","","","","","","","","","","","","","","","","","","","","","","","","","","","","","","","","","","","","","","","","","","","","","","","","","","","","","","",
"India","IND","Improved water source (% of population with access)","SH.H2O.SAFE.ZS","","","","","","","","","","","","","","","","","","","","","","","","","","","","","","","70.3","71.4","72.4","73.4","74.5","75.5","76.5","77.6","78.6","79.6","80.6","81.6","82.7","83.7","84.7","85.7","86.7","87.7","88.7","89.7","90.7","91.6","92.6","","",
"Not classified","INX","Improved water source (% of population with access)","SH.H2O.SAFE.ZS","","","","","","","","","","","","","","","","","","","","","","","","","","","","","","","","","","","","","","","","","","","","","","","","","","","","","","","",
"Ireland","IRL","Improved water source (% of population with access)","SH.H2O.SAFE.ZS","","","","","","","","","","","","","","","","","","","","","","","","","","","","","","","99.8","99.8","99.8","99.8","99.8","99.8","99.8","99.8","99.8","99.8","99.8","99.8","99.8","99.8","99.8","99.8","99.8","99.8","99.9","99.9","99.9","99.9","99.9","","",
"Iran, Islamic Rep.","IRN","Improved water source (% of population with access)","SH.H2O.SAFE.ZS","","","","","","","","","","","","","","","","","","","","","","","","","","","","","","","92.2","92.2","92.4","92.5","92.8","93","93.3","93.5","93.7","93.9","94.1","94.3","94.5","94.7","94.9","95.1","95.2","95.3","95.4","95.6","95.7","95.8","95.9","","",
"Iraq","IRQ","Improved water source (% of population with access)","SH.H2O.SAFE.ZS","","","","","","","","","","","","","","","","","","","","","","","","","","","","","","","78.3","78.2","78.1","78","77.9","78.2","78.6","78.9","79.3","79.7","80.1","80.4","80.8","81.2","81.7","82.1","82.6","83","83.5","83.9","84.4","84.9","85.4","","",
"Iceland","ISL","Improved water source (% of population with access)","SH.H2O.SAFE.ZS","","","","","","","","","","","","","","","","","","","","","","","","","","","","","","","100","100","100","100","100","100","100","100","100","100","100","100","100","100","100","100","100","100","100","100","100","100","100","","",
"Israel","ISR","Improved water source (% of population with access)","SH.H2O.SAFE.ZS","","","","","","","","","","","","","","","","","","","","","","","","","","","","","","","100","100","100","100","100","100","100","100","100","100","100","100","100","100","100","100","100","100","100","100","100","100","100","","",
"Italy","ITA","Improved water source (% of population with access)","SH.H2O.SAFE.ZS","","","","","","","","","","","","","","","","","","","","","","","","","","","","","","","100","100","100","100","100","100","100","100","100","100","100","100","100","100","100","100","100","100","100","100","100","100","100","","",
"Jamaica","JAM","Improved water source (% of population with access)","SH.H2O.SAFE.ZS","","","","","","","","","","","","","","","","","","","","","","","","","","","","","","","93.4","93.4","93.4","93.4","93.4","93.4","93.4","93.4","93.4","93.4","93.4","93.4","93.4","93.3","93.3","93.3","93.3","93.2","93.2","93.2","93.1","93.1","93.1","","",
"Jordan","JOR","Improved water source (% of population with access)","SH.H2O.SAFE.ZS","","","","","","","","","","","","","","","","","","","","","","","","","","","","","","","96.7","96.8","96.8","96.8","96.9","96.9","96.8","96.8","96.7","96.7","96.7","96.6","96.6","96.5","96.5","96.4","96.4","96.3","96.3","96.3","96.2","96.2","96.1","","",
"Japan","JPN","Improved water source (% of population with access)","SH.H2O.SAFE.ZS","","","","","","","","","","","","","","","","","","","","","","","","","","","","","","","100","100","100","100","100","100","100","100","100","100","100","100","100","100","100","100","100","100","100","100","100","100","100","","",
"Kazakhstan","KAZ","Improved water source (% of population with access)","SH.H2O.SAFE.ZS","","","","","","","","","","","","","","","","","","","","","","","","","","","","","","","94.1","94.1","94.1","94.1","94","94","94","93.9","93.9","93.8","93.8","93.7","93.7","93.6","93.6","93.5","93.4","93.4","93.3","93.2","93.2","93.1","93.1","","",
"Kenya","KEN","Improved water source (% of population with access)","SH.H2O.SAFE.ZS","","","","","","","","","","","","","","","","","","","","","","","","","","","","","","","42.7","43.7","44.6","45.5","46.4","47.4","48.3","49.2","50","50.9","51.8","52.7","53.5","54.4","55.2","56.1","56.9","57.7","58.5","59.3","60.1","60.9","61.7","","",
"Kyrgyz Republic","KGZ","Improved water source (% of population with access)","SH.H2O.SAFE.ZS","","","","","","","","","","","","","","","","","","","","","","","","","","","","","","","72.9","72.8","72.7","72.6","72.5","73.5","74.5","75.5","76.5","77.6","78.7","79.8","80.9","82","83.1","84.2","85.3","86.4","87.5","87.5","87.6","87.6","87.6","","",
"Cambodia","KHM","Improved water source (% of population with access)","SH.H2O.SAFE.ZS","","","","","","","","","","","","","","","","","","","","","","","","","","","","","","","21.5","21.6","21.6","24.1","26.6","29.1","31.6","34.1","36.6","39","41.5","44","46.4","48.9","51.4","53.9","56.4","58.8","61.3","63.8","66.3","68.8","71.3","","",
"Kiribati","KIR","Improved water source (% of population with access)","SH.H2O.SAFE.ZS","","","","","","","","","","","","","","","","","","","","","","","","","","","","","","","49.6","50.3","51","51.8","52.5","53.3","54.3","55.4","56.6","57.7","58.9","59.7","60.3","61","61.6","62.2","62.9","63.5","64.1","64.8","65.4","66.1","66.8","","",
"St. Kitts and Nevis","KNA","Improved water source (% of population with access)","SH.H2O.SAFE.ZS","","","","","","","","","","","","","","","","","","","","","","","","","","","","","","","98.3","98.3","98.3","98.3","98.3","98.3","98.3","98.3","98.3","98.3","98.3","98.3","98.3","98.3","98.3","98.3","98.3","98.3","98.3","98.3","98.3","98.3","98.3","","",
"Korea, Rep.","KOR","Improved water source (% of population with access)","SH.H2O.SAFE.ZS","","","","","","","","","","","","","","","","","","","","","","","","","","","","","","","","89.6","89.8","90.1","90.3","90.6","91.2","91.8","92.3","92.9","93.4","94","94.5","95.1","95.6","96.1","96.7","97.2","97.7","97.7","97.7","97.8","97.8","","",
"Kosovo","","Improved water source (% of population with access)","SH.H2O.SAFE.ZS","","","","","","","","","","","","","","","","","","","","","","","","","","","","","","","","","","","","","","","","","","","","","","","","","","","","","","","",
"Kuwait","KWT","Improved water source (% of population with access)","SH.H2O.SAFE.ZS","","","","","","","","","","","","","","","","","","","","","","","","","","","","","","","99","99","99","99","99","99","99","99","99","99","99","99","99","99","99","99","99","99","99","99","99","99","99","","",
"Latin America & Caribbean (developing only)","LAC","Improved water source (% of population with access)","SH.H2O.SAFE.ZS","","","","","","","","","","","","","","","","","","","","","","","","","","","","","","","84.7528143450501","85.2613891408839","85.8063969434129","86.2792883574147","86.837075966822","87.2877525729265","87.7516809822812","88.212551652877","88.6259819619454","89.0708066101858","89.5359004284003","89.8990569420464","90.316624422057","90.7225428002585","91.0739932857552","91.4703107890755","91.8338985547596","92.1721841181412","92.5268777970674","92.8668796708146","93.2139478174849","93.5443247145267","93.8384709388087","","",
"Lao PDR","LAO","Improved water source (% of population with access)","SH.H2O.SAFE.ZS","","","","","","","","","","","","","","","","","","","","","","","","","","","","","","","","","","","39.7","39.9","40.2","40.5","40.8","43.2","45.5","47.8","50.1","52.3","54.6","56.8","59","61.2","63.3","65.4","67.5","69.5","71.5","","",
"Lebanon","LBN","Improved water source (% of population with access)","SH.H2O.SAFE.ZS","","","","","","","","","","","","","","","","","","","","","","","","","","","","","","","100","100","100","100","100","100","100","100","100","100","100","100","100","100","100","100","100","100","100","100","100","100","100","","",
"Liberia","LBR","Improved water source (% of population with access)","SH.H2O.SAFE.ZS","","","","","","","","","","","","","","","","","","","","","","","","","","","","","","","","","","","58.5","58.6","58.7","58.8","58.9","60","61.2","62.3","63.4","64.5","65.6","66.8","67.9","69","70.1","71.2","72.3","73.5","74.6","","",
"Libya","LBY","Improved water source (% of population with access)","SH.H2O.SAFE.ZS","","","","","","","","","","","","","","","","","","","","","","","","","","","","","","","54.4","54.4","54.4","54.4","54.4","54.4","54.4","54.4","54.4","54.4","54.4","54.4","","","","","","","","","","","","","",
"St. Lucia","LCA","Improved water source (% of population with access)","SH.H2O.SAFE.ZS","","","","","","","","","","","","","","","","","","","","","","","","","","","","","","","93.3","93.4","93.4","93.5","93.5","93.6","93.7","93.7","93.7","93.8","93.8","93.8","93.8","93.8","93.8","93.8","93.8","93.8","93.8","93.8","93.8","93.8","93.8","","",
"Latin America & Caribbean (all income levels)","LCN","Improved water source (% of population with access)","SH.H2O.SAFE.ZS","","","","","","","","","","","","","","","","","","","","","","","","","","","","","","","85.1044540040314","85.6024499637736","86.1316019774278","86.6025519248355","87.1375979657372","87.5827755420996","88.0367149296033","88.488001528398","88.8970411526222","89.3330837022666","89.7886202862858","90.1476971840002","90.53643416422","90.9387649002671","91.2883242829566","91.6786983919905","92.0378381776654","92.3756296489749","92.7364256315826","93.0693971918151","93.4122560296873","93.738468662616","94.032176690539","","",
"Least developed countries: UN classification","LDC","Improved water source (% of population with access)","SH.H2O.SAFE.ZS","","","","","","","","","","","","","","","","","","","","","","","","","","","","","","","50.1096482169136","49.4380247943537","49.8110852313062","50.040345970523","50.6746088415191","51.4076136671067","52.2626037048587","53.1638753730572","54.0454263534144","54.9539897691659","55.872980094068","56.7406266220937","57.6061923709873","58.4861224460622","59.3306793122316","60.2022875106689","61.0529327858205","61.900336750049","62.7699343930083","63.6606719169712","64.5299048022617","65.3042261183732","66.6138208680075","","",
"Low income","LIC","Improved water source (% of population with access)","SH.H2O.SAFE.ZS","","","","","","","","","","","","","","","","","","","","","","","","","","","","","","","51.3715097113351","50.6437778699773","51.0317086950373","51.3337937603118","52.0690003282251","52.8376261124896","53.7359934585734","54.6564363101795","55.59252595581","56.5366762341166","57.4792261066797","58.3829191151186","59.2778395772268","60.1895110180446","61.0724390644005","61.9886704067505","62.8785142235257","63.7585087321555","64.6663858505836","65.5957423717332","66.4968933473641","67.3598846684311","68.736713018041","","",
"Liechtenstein","LIE","Improved water source (% of population with access)","SH.H2O.SAFE.ZS","","","","","","","","","","","","","","","","","","","","","","","","","","","","","","","","","","","","","","","","","","","","","","","","","","","","","","","",
"Sri Lanka","LKA","Improved water source (% of population with access)","SH.H2O.SAFE.ZS","","","","","","","","","","","","","","","","","","","","","","","","","","","","","","","67.6","68.7","69.9","71","72.2","73.4","74.6","75.7","76.9","78.1","79.3","80.5","81.7","82.9","84.1","85.3","86.5","87.7","88.9","90.2","91.4","92.6","93.8","","",
"Lower middle income","LMC","Improved water source (% of population with access)","SH.H2O.SAFE.ZS","","","","","","","","","","","","","","","","","","","","","","","","","","","","","","","70.5922015448472","71.5199847574702","72.4370130755512","73.2541245399256","74.6601483936484","75.4207017053058","76.1976735568679","77.0235500911672","77.797989426739","78.5667775235545","79.3355762413112","80.1082700218584","80.9090089929599","81.6617045887575","82.4152192377236","83.146688967852","83.8883703053987","84.6344510697658","85.3610764482233","86.0995550965413","86.8172964776696","87.352128428152","88.0021234188779","","",
"Low & middle income","LMY","Improved water source (% of population with access)","SH.H2O.SAFE.ZS","","","","","","","","","","","","","","","","","","","","","","","","","","","","","","","70.202454532172","70.909555592735","71.7787706919394","72.5242419183823","73.6737480454169","74.5082215112099","75.3442204398144","76.2044910953701","77.0391697383565","77.8716063599757","78.6788933039081","79.4935015123641","80.3501302605836","81.1319319034848","81.9010465788542","82.6646538034981","83.396894770581","84.1253774830723","84.7858700902409","85.5079155018799","86.202256002077","86.6154577795988","87.1853093603444","","",
"Lesotho","LSO","Improved water source (% of population with access)","SH.H2O.SAFE.ZS","","","","","","","","","","","","","","","","","","","","","","","","","","","","","","","77.5","77.6","77.7","77.8","77.9","78.1","78.3","78.5","78.7","78.9","79.1","79.3","79.4","79.6","79.8","80","80.2","80.4","80.6","80.8","81","81.2","81.3","","",
"Lithuania","LTU","Improved water source (% of population with access)","SH.H2O.SAFE.ZS","","","","","","","","","","","","","","","","","","","","","","","","","","","","","","","87.1","87.5","87.9","88.3","88.7","89.1","89.5","89.9","90.2","90.6","91","91.4","91.8","92.2","92.6","93","93.4","93.8","94.2","94.6","95","95.4","95.9","","",
"Luxembourg","LUX","Improved water source (% of population with access)","SH.H2O.SAFE.ZS","","","","","","","","","","","","","","","","","","","","","","","","","","","","","","","100","100","100","100","100","100","100","100","100","100","100","100","100","100","100","100","100","100","100","100","100","100","100","","",
"Latvia","LVA","Improved water source (% of population with access)","SH.H2O.SAFE.ZS","","","","","","","","","","","","","","","","","","","","","","","","","","","","","","","98.5","98.5","98.4","98.4","98.4","98.4","98.4","98.4","98.4","98.4","98.4","98.4","98.4","98.4","98.4","98.4","98.4","98.4","98.4","98.4","98.4","98.4","98.4","","",
"Macao SAR, China","MAC","Improved water source (% of population with access)","SH.H2O.SAFE.ZS","","","","","","","","","","","","","","","","","","","","","","","","","","","","","","","","","","","","","","","","","","","","","","","","","","","","","","","",
"St. Martin (French part)","MAF","Improved water source (% of population with access)","SH.H2O.SAFE.ZS","","","","","","","","","","","","","","","","","","","","","","","","","","","","","","","","","","","","","","","","","","","","","","","","","","","","","","","",
"Morocco","MAR","Improved water source (% of population with access)","SH.H2O.SAFE.ZS","","","","","","","","","","","","","","","","","","","","","","","","","","","","","","","72.8","73.4","74.1","74.7","75.3","75.8","76.3","76.8","77.2","77.7","78.1","78.6","79.1","79.5","80","80.4","80.9","81.3","81.8","82.2","82.7","83.2","83.6","","",
"Monaco","MCO","Improved water source (% of population with access)","SH.H2O.SAFE.ZS","","","","","","","","","","","","","","","","","","","","","","","","","","","","","","","100","100","100","100","100","100","100","100","100","100","100","100","100","100","100","100","100","100","100","100","100","100","100","","",
"Moldova","MDA","Improved water source (% of population with access)","SH.H2O.SAFE.ZS","","","","","","","","","","","","","","","","","","","","","","","","","","","","","","","","","92.7","92.7","92.6","92.6","92.6","92.8","93","93.2","93.4","93.6","93.8","94","94.2","94.5","94.8","95.1","95.4","95.7","96","96.2","96.5","","",
"Madagascar","MDG","Improved water source (% of population with access)","SH.H2O.SAFE.ZS","","","","","","","","","","","","","","","","","","","","","","","","","","","","","","","28.6","29.7","30.8","31.9","32.8","33.7","34.6","35.5","36.3","37.2","38.1","39","39.8","40.7","41.6","42.6","43.6","44.6","45.6","46.6","47.6","48.6","49.6","","",
"Maldives","MDV","Improved water source (% of population with access)","SH.H2O.SAFE.ZS","","","","","","","","","","","","","","","","","","","","","","","","","","","","","","","93.2","93.2","93.2","93.2","93.2","93.5","93.8","94.2","94.5","94.8","95.2","95.5","95.9","96.2","96.6","96.9","97.2","97.5","97.8","98.1","98.3","98.6","98.6","","",
"Middle East & North Africa (all income levels)","MEA","Improved water source (% of population with access)","SH.H2O.SAFE.ZS","","","","","","","","","","","","","","","","","","","","","","","","","","","","","","","87.4307372264012","87.6438344388983","87.7313214763276","87.8660024348561","87.9575566860496","88.1162507982278","88.2499996802426","88.3522395449358","88.4872671592535","88.5997718265114","88.7056316971238","88.8199087131612","89.5438971595705","89.6544174090221","89.7808224791324","89.8945782361737","90.0019390094076","90.0841679325132","90.1768871284077","90.4012223184682","90.61624714064","90.7644980552064","90.8766768442461","","",
"Mexico","MEX","Improved water source (% of population with access)","SH.H2O.SAFE.ZS","","","","","","","","","","","","","","","","","","","","","","","","","","","","","","","82.3","83","83.7","84.3","85","85.6","86.2","86.8","87.4","88","88.6","89.1","89.7","90.3","90.8","91.3","91.9","92.4","92.9","93.4","93.9","94.4","94.9","","",
"Marshall Islands","MHL","Improved water source (% of population with access)","SH.H2O.SAFE.ZS","","","","","","","","","","","","","","","","","","","","","","","","","","","","","","","92","92.1","92.2","92.3","92.4","92.5","92.7","92.8","92.9","93","93.1","93.2","93.4","93.5","93.6","93.7","93.8","93.9","94.1","94.2","94.3","94.4","94.5","","",
"Middle income","MIC","Improved water source (% of population with access)","SH.H2O.SAFE.ZS","","","","","","","","","","","","","","","","","","","","","","","","","","","","","","","72.6922148683913","73.6805170361814","74.6397083160604","75.5456981807774","76.7360066155173","77.6105928837334","78.4678984147444","79.345946121165","80.1946275889777","81.0400361354496","81.8574363299735","82.6910200393024","83.5788452619155","84.3740923524651","85.1586622808569","85.9308843639116","86.6702292338579","87.4066035558151","88.0789294988093","88.7901273686424","89.4831900873092","89.8451338770385","90.2742952631009","","",
"Macedonia, FYR","MKD","Improved water source (% of population with access)","SH.H2O.SAFE.ZS","","","","","","","","","","","","","","","","","","","","","","","","","","","","","","","99.3","99.3","99.3","99.3","99.3","99.3","99.3","99.3","99.3","99.3","99.3","99.3","99.3","99.3","99.3","99.3","99.3","99.3","99.4","99.4","99.4","99.4","99.4","","",
"Mali","MLI","Improved water source (% of population with access)","SH.H2O.SAFE.ZS","","","","","","","","","","","","","","","","","","","","","","","","","","","","","","","28.1","29.8","31.5","33.2","35","36.7","38.4","40.2","41.9","43.7","45.5","47.3","49.1","50.9","52.7","54.5","56.3","58.1","59.9","61.7","63.6","65.4","67.2","","",
"Malta","MLT","Improved water source (% of population with access)","SH.H2O.SAFE.ZS","","","","","","","","","","","","","","","","","","","","","","","","","","","","","","","99.8","99.9","99.9","99.9","99.9","99.9","99.9","99.9","100","100","100","100","100","100","100","100","100","100","100","100","100","100","100","","",
"Myanmar","MMR","Improved water source (% of population with access)","SH.H2O.SAFE.ZS","","","","","","","","","","","","","","","","","","","","","","","","","","","","","","","55.6","55.6","55.7","55.8","57.4","58.9","60.5","62.1","63.7","65.3","66.9","68.5","70.1","71.7","73.2","74.8","76.4","78","79.5","81.1","82.6","84.1","85.7","","",
"Middle East & North Africa (developing only)","MNA","Improved water source (% of population with access)","SH.H2O.SAFE.ZS","","","","","","","","","","","","","","","","","","","","","","","","","","","","","","","86.6411298454467","86.8768243845016","87.0414723260629","87.1554280855588","87.228637022994","87.3033392752632","87.4136680136429","87.495710357446","87.6129623016334","87.6939111020762","87.7720029764718","87.8494712007658","88.6031388953681","88.6788507431618","88.75885608757","88.8263056711021","88.881497829447","88.9330275584345","88.9953626272866","89.2144251257283","89.4333346383817","89.5819376740693","89.6958689663927","","",
"Montenegro","MNE","Improved water source (% of population with access)","SH.H2O.SAFE.ZS","","","","","","","","","","","","","","","","","","","","","","","","","","","","","","","97.4","97.4","97.5","97.5","97.6","97.6","97.6","97.7","97.7","97.8","97.8","97.9","97.9","97.9","98","98","98","98","98","98","98","98","98","","",
"Mongolia","MNG","Improved water source (% of population with access)","SH.H2O.SAFE.ZS","","","","","","","","","","","","","","","","","","","","","","","","","","","","","","","62.3","62.3","62.3","62.3","62.2","63.2","64.2","65.2","66.1","67.1","68.4","70","71.5","73","74.4","75.8","77.2","78.5","79.8","81.1","82.3","83.4","84.6","","",
"Northern Mariana Islands","MNP","Improved water source (% of population with access)","SH.H2O.SAFE.ZS","","","","","","","","","","","","","","","","","","","","","","","","","","","","","","","94","94.1","94.3","94.5","94.6","94.8","94.9","95.1","95.3","95.4","95.6","95.8","95.9","96.1","96.2","96.4","96.6","96.7","96.9","97.1","97.2","97.4","97.5","","",
"Mozambique","MOZ","Improved water source (% of population with access)","SH.H2O.SAFE.ZS","","","","","","","","","","","","","","","","","","","","","","","","","","","","","","","33.6","34.1","34.6","35.1","35.6","36.7","37.8","39","39.7","40.4","41.1","41.7","42.4","43.1","43.8","44.5","45.1","45.8","46.5","47.2","47.8","48.5","49.2","","",
"Mauritania","MRT","Improved water source (% of population with access)","SH.H2O.SAFE.ZS","","","","","","","","","","","","","","","","","","","","","","","","","","","","","","","30.3","31.3","32.3","33.3","34.3","35.3","36.4","37.4","38.4","39.4","40.4","41.4","42.5","43.5","44.5","45.5","46.5","47.5","48.6","49.6","49.6","49.6","49.6","","",
"Mauritius","MUS","Improved water source (% of population with access)","SH.H2O.SAFE.ZS","","","","","","","","","","","","","","","","","","","","","","","","","","","","","","","99.2","99.2","99.2","99.2","99.2","99.2","99.2","99.2","99.2","99.2","99.2","99.3","99.3","99.4","99.4","99.5","99.5","99.6","99.6","99.7","99.7","99.8","99.8","","",
"Malawi","MWI","Improved water source (% of population with access)","SH.H2O.SAFE.ZS","","","","","","","","","","","","","","","","","","","","","","","","","","","","","","","42.1","44.2","46.3","48.4","50.5","52.6","54.6","56.6","58.7","60.6","62.5","64.4","66.3","68.2","70.1","71.9","73.8","75.7","77.6","79.4","81.3","83.2","85","","",
"Malaysia","MYS","Improved water source (% of population with access)","SH.H2O.SAFE.ZS","","","","","","","","","","","","","","","","","","","","","","","","","","","","","","","88.2","89","89.9","90.8","91.7","92.5","93.3","94.1","94.9","95.7","96.4","97.2","97.9","98.6","99.1","99.5","99.5","99.6","99.6","99.6","99.6","99.6","99.6","","",
"North America","NAC","Improved water source (% of population with access)","SH.H2O.SAFE.ZS","","","","","","","","","","","","","","","","","","","","","","","","","","","","","","","98.5402503118084","98.5402809125612","98.6300740561471","98.6298116715286","98.7195405745892","98.7191508361747","98.8091367822276","98.8089924075862","98.8086980838734","98.8985309776597","98.898327077722","98.9885101544813","98.9884856841259","98.9885948522483","99.0788053464163","99.078850960773","99.0787320476469","99.0787453924182","99.1689869541282","99.1691539153484","99.1693314974482","99.1694946074839","99.2598132891777","","",
"Namibia","NAM","Improved water source (% of population with access)","SH.H2O.SAFE.ZS","","","","","","","","","","","","","","","","","","","","","","","","","","","","","","","67.2","68.4","69.6","70.8","72.1","73.3","74.5","75.7","76.8","78","79.1","80.3","81.4","82.5","83.6","84.6","85.7","86.7","87.7","88.8","89.7","90.7","91.7","","",
"New Caledonia","NCL","Improved water source (% of population with access)","SH.H2O.SAFE.ZS","","","","","","","","","","","","","","","","","","","","","","","","","","","","","","","","","","","","","","","94","94","94","94","94","94.5","95","95.5","96","96.5","97","97.5","98","98.5","98.5","","",
"Niger","NER","Improved water source (% of population with access)","SH.H2O.SAFE.ZS","","","","","","","","","","","","","","","","","","","","","","","","","","","","","","","34.3","35.1","35.9","36.6","37.4","38.2","39","39.8","40.6","41.4","42.2","43","43.8","44.6","45.4","46.2","47.1","47.9","48.8","49.6","50.5","51.4","52.3","","",
"Nigeria","NGA","Improved water source (% of population with access)","SH.H2O.SAFE.ZS","","","","","","","","","","","","","","","","","","","","","","","","","","","","","","","45.6","46.6","47.6","48.5","49.5","50.4","51.3","52.2","53.1","54","54.8","55.7","56.5","57.3","58.1","58.9","59.7","60.5","61.2","61.9","62.6","63.4","64","","",
"Nicaragua","NIC","Improved water source (% of population with access)","SH.H2O.SAFE.ZS","","","","","","","","","","","","","","","","","","","","","","","","","","","","","","","73.9","74.5","75.1","75.7","76.3","76.9","77.6","78.2","78.8","79.4","80","80.6","81.2","81.8","82.3","82.9","83.5","84.1","84.7","84.8","84.9","85","85","","",
"Netherlands","NLD","Improved water source (% of population with access)","SH.H2O.SAFE.ZS","","","","","","","","","","","","","","","","","","","","","","","","","","","","","","","100","100","100","100","100","100","100","100","100","100","100","100","100","100","100","100","100","100","100","100","100","100","100","","",
"High income: nonOECD","NOC","Improved water source (% of population with access)","SH.H2O.SAFE.ZS","","","","","","","","","","","","","","","","","","","","","","","","","","","","","","","93.3881529328551","93.4669110869738","93.59543462931","93.8039954421885","93.9033407403425","94.1434491259904","94.3509965085443","94.5563163663658","94.7578399855934","94.9709731578424","95.1697091307601","95.3810591180408","95.6172186362248","95.7429259799972","95.9592327077747","96.1731561423876","96.3926517403423","96.7158344724912","96.9008514022737","97.0765498727817","97.2423390704948","97.2653869859106","97.3145032077084","","",
"Norway","NOR","Improved water source (% of population with access)","SH.H2O.SAFE.ZS","","","","","","","","","","","","","","","","","","","","","","","","","","","","","","","100","100","100","100","100","100","100","100","100","100","100","100","100","100","100","100","100","100","100","100","100","100","100","","",
"Nepal","NPL","Improved water source (% of population with access)","SH.H2O.SAFE.ZS","","","","","","","","","","","","","","","","","","","","","","","","","","","","","","","66.5","67.5","68.6","69.7","70.8","71.9","72.9","74","75","76.1","77.1","78.1","79","80","80.9","81.8","82.8","83.7","84.6","85.5","86.4","87.2","88.1","","",
"New Zealand","NZL","Improved water source (% of population with access)","SH.H2O.SAFE.ZS","","","","","","","","","","","","","","","","","","","","","","","","","","","","","","","100","100","100","100","100","100","100","100","100","100","100","100","100","100","100","100","100","100","100","100","100","100","100","","",
"High income: OECD","OEC","Improved water source (% of population with access)","SH.H2O.SAFE.ZS","","","","","","","","","","","","","","","","","","","","","","","","","","","","","","","99.2637432743213","98.8009363355317","98.846241645427","98.8682321291233","98.9140308324571","98.9376731236912","99.0033141159003","99.0399043630975","99.0752599699933","99.1442677642303","99.1763081966001","99.2467394380311","99.2830420209912","99.3241544123684","99.3877136601612","99.4195392290498","99.4545238254294","99.4879388430785","99.5490095311648","99.5537690521835","99.5591183227452","99.5705520773143","99.6064243237357","","",
"OECD members","OED","Improved water source (% of population with access)","SH.H2O.SAFE.ZS","","","","","","","","","","","","","","","","","","","","","","","","","","","","","","","96.9862591316893","96.7380215253404","96.8619506073706","96.9638513674698","97.0916868343523","97.1932106568555","97.3323449744795","97.4491186111865","97.5676764847451","97.7163005633732","97.8318130636362","97.9771436126918","98.099324544397","98.2279092072371","98.3634504609354","98.4731749131041","98.5960733661177","98.709057960691","98.8461620257967","98.9365749349819","99.0102649949417","99.0658358278831","99.1475206674978","","",
"Oman","OMN","Improved water source (% of population with access)","SH.H2O.SAFE.ZS","","","","","","","","","","","","","","","","","","","","","","","","","","","","","","","78.8","79.1","79.3","79.5","79.6","80.3","81.1","81.8","82.5","83.3","84","84.7","85.5","86.2","86.9","87.7","88.5","89.2","90","90.8","91.5","92.3","93","","",
"Other small states","OSS","Improved water source (% of population with access)","SH.H2O.SAFE.ZS","","","","","","","","","","","","","","","","","","","","","","","","","","","","","","","74.6805112287936","75.1214561179263","75.7129564093158","76.1482903796226","76.0799607449959","75.2229928513561","75.83885756726","76.7659849753496","77.3775408624144","78.0395242294431","78.7385044225519","79.45407360626","80.161996461075","80.8746727383869","81.5843973114919","82.2979089058725","83.0174254969609","84.8870750479036","85.6026977456653","86.3449799517247","87.0468555108917","87.397376942207","88.0442297335653","","",
"Pakistan","PAK","Improved water source (% of population with access)","SH.H2O.SAFE.ZS","","","","","","","","","","","","","","","","","","","","","","","","","","","","","","","85.3","85.6","85.9","86.2","86.5","86.8","87.1","87.4","87.7","88","88.3","88.6","88.9","89.2","89.5","89.7","90","90.3","90.6","90.9","91.2","91.4","91.4","","",
"Panama","PAN","Improved water source (% of population with access)","SH.H2O.SAFE.ZS","","","","","","","","","","","","","","","","","","","","","","","","","","","","","","","83.9","84.7","85.4","86.1","86.8","87.4","88","88.6","89.2","89.7","90.2","90.7","91.2","91.6","92","92.4","92.7","93","93.3","93.6","93.9","94.1","94.3","","",
"Peru","PER","Improved water source (% of population with access)","SH.H2O.SAFE.ZS","","","","","","","","","","","","","","","","","","","","","","","","","","","","","","","74.4","75","75.7","76.3","77","77.6","78.2","78.9","79.5","80","80.6","81.2","81.8","82.3","82.8","83.4","83.9","84.4","84.9","85.4","85.9","86.3","86.8","","",
"Philippines","PHL","Improved water source (% of population with access)","SH.H2O.SAFE.ZS","","","","","","","","","","","","","","","","","","","","","","","","","","","","","","","83.6","84","84.4","84.8","85.2","85.6","86","86.4","86.8","87.2","87.6","88.1","88.5","88.9","89.3","89.7","90.1","90.6","91","91.4","91.8","91.8","91.8","","",
"Palau","PLW","Improved water source (% of population with access)","SH.H2O.SAFE.ZS","","","","","","","","","","","","","","","","","","","","","","","","","","","","","","","90","90.3","90.6","90.9","91.2","91.5","91.6","91.7","91.9","92","92.2","92.7","93.1","93.5","93.9","94.3","94.6","94.8","94.9","95.1","95.2","95.3","","","",
"Papua New Guinea","PNG","Improved water source (% of population with access)","SH.H2O.SAFE.ZS","","","","","","","","","","","","","","","","","","","","","","","","","","","","","","","33.8","33.6","33.5","33.4","33.3","33.6","33.9","34.2","34.5","34.8","35.1","35.4","35.7","36.1","36.4","36.8","37.2","37.6","38","38.4","38.8","39.2","39.7","","",
"Poland","POL","Improved water source (% of population with access)","SH.H2O.SAFE.ZS","","","","","","","","","","","","","","","","","","","","","","","","","","","","","","","","","","","","","","","","","","","","","","","","","","","","","","","",
"Puerto Rico","PRI","Improved water source (% of population with access)","SH.H2O.SAFE.ZS","","","","","","","","","","","","","","","","","","","","","","","","","","","","","","","93.6","93.6","93.6","93.6","93.6","93.6","93.6","93.6","93.6","93.6","93.6","93.6","","","","","","","","","","","","","",
"Korea, Dem. Rep.","PRK","Improved water source (% of population with access)","SH.H2O.SAFE.ZS","","","","","","","","","","","","","","","","","","","","","","","","","","","","","","","100","100","100","100","100","100","100","100","100","99.8","99.7","99.5","99.4","99.2","99.1","99","98.8","98.7","98.5","98.4","98.3","98.1","98.1","","",
"Portugal","PRT","Improved water source (% of population with access)","SH.H2O.SAFE.ZS","","","","","","","","","","","","","","","","","","","","","","","","","","","","","","","96.1","96.3","96.5","96.7","96.9","97.1","97.2","97.4","97.6","97.8","97.9","98.1","98.3","98.4","98.6","98.8","98.9","99.1","99.2","99.4","99.5","99.7","99.8","","",
"Paraguay","PRY","Improved water source (% of population with access)","SH.H2O.SAFE.ZS","","","","","","","","","","","","","","","","","","","","","","","","","","","","","","","53.1","55.3","57.5","59.6","61.6","63.7","65.7","67.7","69.6","71.6","73.5","75.3","77.2","79","80.9","82.6","84.4","86.1","87.8","89.5","91.2","92.6","93.8","","",
"Pacific island small states","PSS","Improved water source (% of population with access)","SH.H2O.SAFE.ZS","","","","","","","","","","","","","","","","","","","","","","","","","","","","","","","83.0125116820216","83.3765869540342","83.9592023225693","84.48292549847","85.0701084591529","85.6115975518998","86.2198211607416","86.7160077460591","87.2715444249137","87.8306048474392","86.534036143807","86.9523477578106","87.292282846816","87.6798366237966","88.0763909683639","88.4210862764017","88.8319329636903","89.2064642147117","89.6128986178818","90.0111278601014","90.2247636994265","90.4192253352135","90.4099742924372","","",
"French Polynesia","PYF","Improved water source (% of population with access)","SH.H2O.SAFE.ZS","","","","","","","","","","","","","","","","","","","","","","","","","","","","","","","100","100","100","100","100","100","100","100","100","100","100","100","100","100","100","100","100","100","100","100","100","100","100","","",
"Qatar","QAT","Improved water source (% of population with access)","SH.H2O.SAFE.ZS","","","","","","","","","","","","","","","","","","","","","","","","","","","","","","","100","100","100","100","100","100","100","100","100","100","100","100","100","100","100","100","100","100","100","100","100","100","100","","",
"Romania","ROU","Improved water source (% of population with access)","SH.H2O.SAFE.ZS","","","","","","","","","","","","","","","","","","","","","","","","","","","","","","","75.3","76.4","77.4","78.3","79.1","79.9","80.8","81.6","82.5","83.3","84.2","85","85.9","86.8","87.7","87.7","87.7","87.7","87.7","","","","","","",
"Russian Federation","RUS","Improved water source (% of population with access)","SH.H2O.SAFE.ZS","","","","","","","","","","","","","","","","","","","","","","","","","","","","","","","93.2","93.3","93.5","93.7","93.9","94.1","94.3","94.5","94.7","94.9","95.1","95.3","95.5","95.6","95.8","96","96.2","96.4","96.6","96.8","97","97","97","","",
"Rwanda","RWA","Improved water source (% of population with access)","SH.H2O.SAFE.ZS","","","","","","","","","","","","","","","","","","","","","","","","","","","","","","","60.3","60.7","61.3","61.9","62.5","63.1","63.7","64.3","64.9","65.5","66.2","66.8","67.4","67.8","68.1","68.5","68.8","69.1","69.4","69.8","70.1","70.4","70.7","","",
"South Asia","SAS","Improved water source (% of population with access)","SH.H2O.SAFE.ZS","","","","","","","","","","","","","","","","","","","","","","","","","","","","","","","71.4664244984979","71.7390774251614","72.5996211090099","73.4475884330978","74.3764580729645","75.2415787268708","76.1709985734677","77.1821998531139","78.1296265375637","79.0782353007973","80.0174657707598","80.9423218643057","81.9474089088594","82.8767685711891","83.7993721173347","84.7254137471137","85.6583876027554","86.5926745425365","87.5382497822716","88.4762883662023","89.4146377023524","90.2635439262557","91.1679768828873","","",
"Saudi Arabia","SAU","Improved water source (% of population with access)","SH.H2O.SAFE.ZS","","","","","","","","","","","","","","","","","","","","","","","","","","","","","","","92","92","92.3","92.7","93","93.3","93.7","94","94.3","94.7","95","95.4","95.7","96","96.4","96.7","97","97","97","97","97","97","97","","",
"Sudan","SDN","Improved water source (% of population with access)","SH.H2O.SAFE.ZS","","","","","","","","","","","","","","","","","","","","","","","","","","","","","","","67.5","67.8","67.4","66.9","66.2","65.5","64.8","64.1","63.4","62.7","62","61.3","60.6","59.9","59.1","58.4","57.7","57","56.3","55.6","54.9","55.4","55.5","","",
"Senegal","SEN","Improved water source (% of population with access)","SH.H2O.SAFE.ZS","","","","","","","","","","","","","","","","","","","","","","","","","","","","","","","59.9","60.6","61.2","61.9","62.5","63.2","63.8","64.5","65.1","65.7","66.4","67","67.6","68.3","68.9","69.5","70.2","70.8","71.5","72.1","72.8","73.4","74.1","","",
"Singapore","SGP","Improved water source (% of population with access)","SH.H2O.SAFE.ZS","","","","","","","","","","","","","","","","","","","","","","","","","","","","","","","100","100","100","100","100","100","100","100","100","100","100","100","100","100","100","100","100","100","100","100","100","100","100","","",
"Solomon Islands","SLB","Improved water source (% of population with access)","SH.H2O.SAFE.ZS","","","","","","","","","","","","","","","","","","","","","","","","","","","","","","","","","","","","","","","","","79.7","79.8","79.8","79.9","80","80","80.1","80.2","80.2","80.3","80.4","80.5","80.5","","",
"Sierra Leone","SLE","Improved water source (% of population with access)","SH.H2O.SAFE.ZS","","","","","","","","","","","","","","","","","","","","","","","","","","","","","","","36.7","37.8","38.8","39.9","40.9","42","43","44.1","45.1","46.2","47.3","48.3","49.4","50.4","51.5","52.5","53.6","54.7","55.7","56.8","57.9","59","60.1","","",
"El Salvador","SLV","Improved water source (% of population with access)","SH.H2O.SAFE.ZS","","","","","","","","","","","","","","","","","","","","","","","","","","","","","","","74.8","75.6","76.4","77.4","78.4","79.4","80.3","81.3","82.2","82.9","83.6","84.3","84.9","85.6","86.3","86.9","87.6","88.2","88.8","89.4","90","90.1","90.1","","",
"San Marino","SMR","Improved water source (% of population with access)","SH.H2O.SAFE.ZS","","","","","","","","","","","","","","","","","","","","","","","","","","","","","","","","","","","","","","","","","","","","","","","","","","","","","","","",
"Somalia","SOM","Improved water source (% of population with access)","SH.H2O.SAFE.ZS","","","","","","","","","","","","","","","","","","","","","","","","","","","","","","","","","","21","21","21","21","21.1","21.8","22.6","23.5","24.4","25.3","26.3","27.3","28.4","29.5","30.7","30.9","31.2","31.5","31.7","","","",
"Serbia","SRB","Improved water source (% of population with access)","SH.H2O.SAFE.ZS","","","","","","","","","","","","","","","","","","","","","","","","","","","","","","","99.5","99.5","99.5","99.5","99.5","99.5","99.5","99.5","99.5","99.5","99.5","99.5","99.4","99.4","99.4","99.4","99.3","99.3","99.3","99.3","99.2","99.2","99.2","","",
"Sub-Saharan Africa (developing only)","SSA","Improved water source (% of population with access)","SH.H2O.SAFE.ZS","","","","","","","","","","","","","","","","","","","","","","","","","","","","","","","47.7387777014483","48.3266828272111","48.9299941520424","49.3189182579978","50.1582626238945","50.9653640880129","51.7567134728126","52.6509612953521","53.4381678338295","54.23362553836","55.0305005235785","55.8259625542379","56.5734314036885","57.3396497445319","58.0878040085626","58.8502118640955","59.6094852733342","60.3630878882028","61.1101472066414","61.8674044924261","62.611519989611","63.3129827320987","64.4357315956191","","",
"South Sudan","SSD","Improved water source (% of population with access)","SH.H2O.SAFE.ZS","","","","","","","","","","","","","","","","","","","","","","","","","","","","","","","","","","","","","","","","","","","","","","","","","","","","56.5","56.5","","",
"Sub-Saharan Africa (all income levels)","SSF","Improved water source (% of population with access)","SH.H2O.SAFE.ZS","","","","","","","","","","","","","","","","","","","","","","","","","","","","","","","47.7387777014483","48.3266828272111","48.9299941520424","49.3189182579978","50.1588309780409","50.9653137109435","51.7560494653274","52.6496030238552","53.4361880632052","54.2310116078956","55.0272457231873","55.8220616809851","56.5689174395825","57.3345017795657","58.0820337231828","58.843806483052","59.6024472572081","60.3630878882028","61.1101472066414","61.8674044924261","62.611519989611","63.3129827320987","64.4357315956192","","",
"Small states","SST","Improved water source (% of population with access)","SH.H2O.SAFE.ZS","","","","","","","","","","","","","","","","","","","","","","","","","","","","","","","80.0843045996257","80.3629945544943","80.6945861736038","81.2689457239847","81.0224890076135","80.3770144825052","80.8446908013681","81.406205982342","81.8812194127373","82.3967784475638","82.8863193610385","83.4356657913304","83.9744783433262","84.5133882049415","85.0579393487042","85.6062756219578","86.1679528864616","87.5525512575571","88.0851760163539","88.6580365585743","89.1780370892564","89.523038617265","89.7771149614536","","",
"Sao Tome and Principe","STP","Improved water source (% of population with access)","SH.H2O.SAFE.ZS","","","","","","","","","","","","","","","","","","","","","","","","","","","","","","","","","","","73.9","74","74.2","74.4","74.5","76.4","78.2","80","81.8","83.5","85.3","87","88.7","90.4","92.1","93.7","95.3","97","97","","",
"Suriname","SUR","Improved water source (% of population with access)","SH.H2O.SAFE.ZS","","","","","","","","","","","","","","","","","","","","","","","","","","","","","","","","","","","87.2","87.3","87.5","87.6","87.7","88.3","88.9","89.5","90.1","90.7","91.2","91.8","92.3","92.8","93.3","93.8","94.3","94.7","95.2","","",
"Slovak Republic","SVK","Improved water source (% of population with access)","SH.H2O.SAFE.ZS","","","","","","","","","","","","","","","","","","","","","","","","","","","","","","","99.8","99.8","99.8","99.8","99.8","99.8","99.8","99.8","99.8","99.8","99.8","99.8","99.8","99.9","99.9","99.9","99.9","100","100","100","100","100","100","","",
"Slovenia","SVN","Improved water source (% of population with access)","SH.H2O.SAFE.ZS","","","","","","","","","","","","","","","","","","","","","","","","","","","","","","","99.6","99.6","99.6","99.6","99.6","99.6","99.6","99.6","99.6","99.6","99.6","99.6","99.6","99.6","99.6","99.6","99.6","99.6","99.6","99.6","99.6","99.6","99.6","","",
"Sweden","SWE","Improved water source (% of population with access)","SH.H2O.SAFE.ZS","","","","","","","","","","","","","","","","","","","","","","","","","","","","","","","100","100","100","100","100","100","100","100","100","100","100","100","100","100","100","100","100","100","100","100","100","100","100","","",
"Swaziland","SWZ","Improved water source (% of population with access)","SH.H2O.SAFE.ZS","","","","","","","","","","","","","","","","","","","","","","","","","","","","","","","38.9","38.9","38.9","39","40.8","42.7","44.6","46.5","48.3","50.1","51.9","53.7","55.5","57.4","59.2","61","62.9","64.7","66.6","68.4","70.3","72.2","74.1","","",
"Sint Maarten (Dutch part)","SXM","Improved water source (% of population with access)","SH.H2O.SAFE.ZS","","","","","","","","","","","","","","","","","","","","","","","","","","","","","","","","","","","","","","","","","","","","","","","","","","","","","","","",
"Seychelles","SYC","Improved water source (% of population with access)","SH.H2O.SAFE.ZS","","","","","","","","","","","","","","","","","","","","","","","","","","","","","","","96.3","96.3","96.3","96.3","96.3","96.3","96.3","96.3","96.3","96.3","96.3","96.3","96.3","96.3","96.3","96.3","96.3","96.3","96.3","96.3","96.3","96.3","96.3","","",
"Syrian Arab Republic","SYR","Improved water source (% of population with access)","SH.H2O.SAFE.ZS","","","","","","","","","","","","","","","","","","","","","","","","","","","","","","","85.7","85.7","85.8","85.8","85.9","86.1","86.4","86.7","87","87.2","87.5","87.8","88","88.2","88.5","88.7","88.9","89.1","89.3","89.5","89.7","89.9","90.1","","",
"Turks and Caicos Islands","TCA","Improved water source (% of population with access)","SH.H2O.SAFE.ZS","","","","","","","","","","","","","","","","","","","","","","","","","","","","","","","","","","","","87","87","87","87","87","87.1","87.1","87.1","87.1","87","87","87.1","87.1","","","","","","","",
"Chad","TCD","Improved water source (% of population with access)","SH.H2O.SAFE.ZS","","","","","","","","","","","","","","","","","","","","","","","","","","","","","","","39.8","40.3","40.8","41.3","41.8","42.3","42.8","43.3","43.7","44.2","44.7","45.2","45.7","46.2","46.7","47.2","47.7","48.2","48.7","49.2","49.7","50.2","50.7","","",
"Togo","TGO","Improved water source (% of population with access)","SH.H2O.SAFE.ZS","","","","","","","","","","","","","","","","","","","","","","","","","","","","","","","48.4","48.8","49.3","49.8","50.3","50.8","51.3","51.8","52.3","52.8","53.4","53.9","54.4","54.9","55.5","56","56.6","57.1","57.7","58.3","58.8","59.4","60","","",
"Thailand","THA","Improved water source (% of population with access)","SH.H2O.SAFE.ZS","","","","","","","","","","","","","","","","","","","","","","","","","","","","","","","86.4","87","87.5","88","88.6","89.1","89.6","90.2","90.7","91.2","91.7","92.2","92.8","93.3","93.8","94.3","94.8","95.3","95.8","95.8","95.8","95.8","95.8","","",
"Tajikistan","TJK","Improved water source (% of population with access)","SH.H2O.SAFE.ZS","","","","","","","","","","","","","","","","","","","","","","","","","","","","","","","","","","58.2","57.9","57.7","57.4","57.2","57.9","58.7","59.6","60.6","61.5","62.5","63.6","64.6","65.6","66.6","67.6","68.6","69.7","70.7","71.7","","",
"Turkmenistan","TKM","Improved water source (% of population with access)","SH.H2O.SAFE.ZS","","","","","","","","","","","","","","","","","","","","","","","","","","","","","","","","","","","86.4","86.4","86.5","86.5","86.6","84.9","83.3","81.7","80.1","78.5","76.9","75.3","73.8","72.2","70.6","70.7","70.8","71","71.1","","",
"Timor-Leste","TLS","Improved water source (% of population with access)","SH.H2O.SAFE.ZS","","","","","","","","","","","","","","","","","","","","","","","","","","","","","","","","","","","","52.8","52.9","52.9","53","53.1","54.3","55.6","56.9","58.2","59.6","60.9","62.2","63.6","64.9","66.3","67.7","69.1","70.5","","",
"Tonga","TON","Improved water source (% of population with access)","SH.H2O.SAFE.ZS","","","","","","","","","","","","","","","","","","","","","","","","","","","","","","","98.6","98.6","98.6","98.6","98.6","98.6","98.6","98.6","98.6","98.6","98.6","98.6","98.6","98.6","98.6","98.7","98.8","98.9","99","99.1","99.2","99.2","99.3","","",
"Trinidad and Tobago","TTO","Improved water source (% of population with access)","SH.H2O.SAFE.ZS","","","","","","","","","","","","","","","","","","","","","","","","","","","","","","","90.3","90.5","90.7","90.9","91.1","91.3","91.4","91.6","91.8","92","92.2","92.4","92.6","92.8","93","93.2","93.4","93.6","93.6","93.6","93.6","93.6","","","",
"Tunisia","TUN","Improved water source (% of population with access)","SH.H2O.SAFE.ZS","","","","","","","","","","","","","","","","","","","","","","","","","","","","","","","81.5","82.4","83.3","84.2","85.1","85.8","86.5","87.3","88","88.7","89.4","90.1","90.8","91.5","92.1","92.8","93.4","94","94.7","95.3","95.9","96.4","96.8","","",
"Turkey","TUR","Improved water source (% of population with access)","SH.H2O.SAFE.ZS","","","","","","","","","","","","","","","","","","","","","","","","","","","","","","","85.4","85.6","86.4","87.3","88.1","88.9","89.7","90.5","91.3","92.1","92.8","93.6","94.3","95","95.7","96.4","97.1","97.8","98.5","99.2","99.6","99.6","99.7","","",
"Tuvalu","TUV","Improved water source (% of population with access)","SH.H2O.SAFE.ZS","","","","","","","","","","","","","","","","","","","","","","","","","","","","","","","89.8","90.3","90.7","91.1","91.5","91.9","92.3","92.8","93.2","93.6","94","94.4","94.8","95.2","95.6","96","96.4","96.9","97.3","97.7","97.7","97.7","97.7","","",
"Tanzania","TZA","Improved water source (% of population with access)","SH.H2O.SAFE.ZS","","","","","","","","","","","","","","","","","","","","","","","","","","","","","","","55","54.9","54.9","54.8","54.8","54.7","54.6","54.6","54.5","54.4","54.3","54.3","54.2","54.1","54","53.9","53.8","53.7","53.6","53.5","53.4","53.3","53.2","","",
"Uganda","UGA","Improved water source (% of population with access)","SH.H2O.SAFE.ZS","","","","","","","","","","","","","","","","","","","","","","","","","","","","","","","41.6","43.2","44.7","46.2","47.6","49.1","50.6","52.1","53.5","55","56.5","58","59.4","61","62.5","64.1","65.6","67.1","68.7","70.2","71.7","73.2","74.8","","",
"Ukraine","UKR","Improved water source (% of population with access)","SH.H2O.SAFE.ZS","","","","","","","","","","","","","","","","","","","","","","","","","","","","","","","","","","","96.6","96.6","96.7","96.7","96.7","96.8","96.9","97","97.1","97.3","97.4","97.5","97.6","97.7","97.8","98","98","98","98","","",
"Upper middle income","UMC","Improved water source (% of population with access)","SH.H2O.SAFE.ZS","","","","","","","","","","","","","","","","","","","","","","","","","","","","","","","74.528764923718","75.5846219272808","76.6037311784915","77.6040753024502","78.6541207249837","79.6477893873793","80.5928359747459","81.5364793939033","82.4688621921978","83.4016916248857","84.2813451969588","85.1900825654112","86.1868509889916","87.043278813317","87.8786420226928","88.7118835106002","89.4700280836809","90.2186863681202","90.8917845689909","91.621279709407","92.3098621805934","92.5196354749821","92.7291327487934","","",
"Uruguay","URY","Improved water source (% of population with access)","SH.H2O.SAFE.ZS","","","","","","","","","","","","","","","","","","","","","","","","","","","","","","","95.5","95.6","95.6","95.7","95.8","96.1","96.3","96.5","96.7","96.9","97.1","97.4","97.6","97.8","97.9","98.1","98.3","98.5","98.7","98.9","99.1","99.2","99.5","","",
"United States","USA","Improved water source (% of population with access)","SH.H2O.SAFE.ZS","","","","","","","","","","","","","","","","","","","","","","","","","","","","","","","98.4","98.4","98.5","98.5","98.6","98.6","98.7","98.7","98.7","98.8","98.8","98.9","98.9","98.9","99","99","99","99","99.1","99.1","99.1","99.1","99.2","","",
"Uzbekistan","UZB","Improved water source (% of population with access)","SH.H2O.SAFE.ZS","","","","","","","","","","","","","","","","","","","","","","","","","","","","","","","90","89.9","89.9","89.8","89.8","89.6","89.4","89.2","89.1","88.9","88.7","88.5","88.4","88.2","88","87.8","87.6","87.5","87.3","87.3","87.3","87.3","87.3","","",
"St. Vincent and the Grenadines","VCT","Improved water source (% of population with access)","SH.H2O.SAFE.ZS","","","","","","","","","","","","","","","","","","","","","","","","","","","","","","","88.2","88.7","89.2","89.8","90.3","90.8","91.3","91.9","92.4","92.9","93.5","94","94.5","95.1","95.1","95.1","95.1","95.1","95.1","95.1","95.1","95.1","95.1","","",
"Venezuela, RB","VEN","Improved water source (% of population with access)","SH.H2O.SAFE.ZS","","","","","","","","","","","","","","","","","","","","","","","","","","","","","","","89.9","90.2","90.4","90.6","90.9","91.1","91.3","91.5","91.7","91.9","92.1","92.3","92.5","92.6","92.7","92.8","92.8","92.9","","","","","","","",
"Virgin Islands (U.S.)","VIR","Improved water source (% of population with access)","SH.H2O.SAFE.ZS","","","","","","","","","","","","","","","","","","","","","","","","","","","","","","","100","100","100","100","100","100","100","100","100","100","100","100","100","100","100","100","100","100","100","100","100","100","100","","",
"Vietnam","VNM","Improved water source (% of population with access)","SH.H2O.SAFE.ZS","","","","","","","","","","","","","","","","","","","","","","","","","","","","","","","61.6","63.2","64.8","66.5","68.1","69.6","71.2","72.8","74.3","75.9","77.4","79","80.5","82.1","83.6","85","86.5","88","89.4","90.9","92.3","93.7","95","","",
"Vanuatu","VUT","Improved water source (% of population with access)","SH.H2O.SAFE.ZS","","","","","","","","","","","","","","","","","","","","","","","","","","","","","","","61.9","63.3","64.8","66.2","67.6","69.1","70.5","71.9","73.3","74.7","76","77.4","78.8","80.1","81.5","82.8","84.1","85.4","86.7","88.1","89.3","90.6","90.7","","",
"West Bank and Gaza","PSE","Improved water source (% of population with access)","SH.H2O.SAFE.ZS","","","","","","","","","","","","","","","","","","","","","","","","","","","","","","","","96.5","96.5","96.6","96.6","96.7","96.6","95.7","94.5","93.2","92","90.8","89.5","88.3","87","85.7","84.5","83.2","81.9","81.8","81.8","81.8","81.8","","",
"World","WLD","Improved water source (% of population with access)","SH.H2O.SAFE.ZS","","","","","","","","","","","","","","","","","","","","","","","","","","","","","","","75.9102343047241","76.5210800895001","77.1613315781408","77.7091239983485","78.5234306658673","79.167769344479","79.8183731470105","80.4846073130886","81.1356399297743","81.7944435883773","82.4308502185448","83.0844545932217","83.7664216539975","84.3915917242728","85.0152720658803","85.6318822897084","86.2262543028477","86.8225610976488","87.3773711744168","87.9712791482157","88.532927078678","88.8584212599039","89.3193147819408","","",
"Samoa","WSM","Improved water source (% of population with access)","SH.H2O.SAFE.ZS","","","","","","","","","","","","","","","","","","","","","","","","","","","","","","","88.9","89.4","89.8","90.2","90.7","91.1","91.6","92","92.4","92.9","93.3","93.8","94.2","94.6","95","95.5","95.9","96.3","96.8","97.2","97.6","98.1","98.5","","",
"Yemen, Rep.","YEM","Improved water source (% of population with access)","SH.H2O.SAFE.ZS","","","","","","","","","","","","","","","","","","","","","","","","","","","","","","","66.3","65.7","65.1","64.5","63.9","63.3","62.6","61.9","61.3","60.6","59.9","59.2","58.5","57.9","57.2","56.5","55.7","55","54.3","54.5","54.6","54.8","54.9","","",
"South Africa","ZAF","Improved water source (% of population with access)","SH.H2O.SAFE.ZS","","","","","","","","","","","","","","","","","","","","","","","","","","","","","","","81.3","81.5","81.7","81.8","82","82.8","83.6","84.5","85.3","86","86.8","87.6","88.3","89.1","89.8","90.5","91.2","91.9","92.5","93.2","93.8","94.5","95.1","","",
"Congo, Dem. Rep.","COD","Improved water source (% of population with access)","SH.H2O.SAFE.ZS","","","","","","","","","","","","","","","","","","","","","","","","","","","","","","","43.2","43.2","43.2","43.3","43.3","43.4","43.5","43.6","43.7","43.8","44","44.1","44.3","44.5","44.7","44.9","45.1","45.3","45.6","45.8","46","46.2","46.5","","",
"Zambia","ZMB","Improved water source (% of population with access)","SH.H2O.SAFE.ZS","","","","","","","","","","","","","","","","","","","","","","","","","","","","","","","49.1","49.4","49.8","50.2","50.5","50.9","51.3","51.8","52.2","52.7","53.1","53.9","54.8","55.7","56.6","57.5","58.3","59.2","60.1","60.9","61.7","62.5","63.3","","",
"Zimbabwe","ZWE","Improved water source (% of population with access)","SH.H2O.SAFE.ZS","","","","","","","","","","","","","","","","","","","","","","","","","","","","","","","79.2","79.3","79.4","79.4","79.4","79.5","79.5","79.5","79.5","79.5","79.5","79.6","79.6","79.6","79.6","79.7","79.7","79.7","79.7","79.8","79.8","79.9","79.9","","",
